model,type,capacity_qt,watts,low_psi,high_psi,max_psi,pressure_levels,lowest_pressure_temp_f,slow_cook_temps_f,sous_vide_range_f,keep_warm_range_f,release_modes,max_pressure_run,altitude_adjust,inner_pot,lid,certification,lid_recall,source_notes
Instant Pot Duo (V5),electric multi-cooker,"3/6/8","700/1000/1200",5.8-7.2,10.2-11.6,~15.2 safety vent,2,229,"Less 180-190; Normal 190-200; More 200-210",none,~145-172 fixed,"manual quick; natural",4 h,no,stainless,removable,UL/ULC,none,Instant Pot Duo/Pro manuals; Kitchn; Wirecutter
Instant Pot Duo Plus (WhisperQuiet),electric multi-cooker,"3/6/8","700/1000/1200",5.8-7.2,10.2-11.6,~15.2 safety vent,2,229,"Low/High (same bands as Duo)",104-194,~145-172 fixed,"quick under lid cover; natural",4 h,no,stainless,removable,UL/ULC,none,Duo Plus V4 manual
Instant Pot Rio / Rio Wide,electric multi-cooker,"6/7.5","1000/1200",none,10.2-11.6,~15.2 safety vent,1,240,"Low/High",none (Wide Plus: yes),fixed,"release switch; natural",4 h,no,stainless,removable auto-seal,UL/ULC,none,Wirecutter; instantpot.com
Instant Pot Pro,electric multi-cooker,"6/8",1200,5.8-7.2,10.2-11.6,~15.2 safety vent,2,229,"Low/High; manual warns <3 h uncooked",104-194,"custom 144-194 (Low 144 High 171)","quick switch; natural; QuickCool ice tray",4 h,no,stainless with handles,removable,UL/ULC,none,Instant Pot Pro manual (extracted)
Instant Pot Pro Plus (Wi-Fi),electric multi-cooker,6,1200,~6 (Low holds 230-231F per support),~12,Max (242-247F per support),3,230,"Low/High",104-194,custom,"automated release options; natural",4 h,check app,stainless,removable,UL/ULC,none,ownit.co support answers; manualslib
Instant Pot Pro Max (Wi-Fi),electric multi-cooker,6,1200,not published,~12,15,3,not published,"Low/High",yes range not published,custom,"automated; natural",4 h,check app,stainless,removable,UL/ULC,none,Amazon listing; slickdeals
Instant Pot Max (discontinued),electric multi-cooker,6,1200,6.5,12.3,15,3,231,"Low/High",from 120 (+/-1.8F),fixed,"natural; pulse; quick (automated)",4 h,no,stainless,removable,UL/ULC,none,Pressure Cooking Today review; Amazon
Breville Fast Slow Pro BPR700,electric multi-cooker,6,1100,1.5,12.0,12.0,8 (1.5-12 psi),217,"LO 194; HI 203; 2-12 h",none,fixed; 2 h default,"Auto Quick; Auto Pulse; Natural (automatic at end of cycle)",2 h,yes 1000-6000 ft,ceramic non-stick,hinged,UL,none,BPR700 manual (extracted); Breville product page
Ninja Foodi OP300 series (recalled lid),electric multi-cooker + air fryer,6.5-8,1460-1760,7.2,11.6,not published,2,233,"LO/HI not published",some models,fixed,"manual quick; natural",4 h,no,ceramic non-stick,removable pressure lid + hinged crisp lid,UL,May 2025 recall 1.8M units,SharkNinja FAQ; Best Buy Q&A; CPSC
Zavor LUX LCD,electric multi-cooker,"4/6/8","800/1000/1300",not published,not published,not published,2,not published,"LOW 190; HIGH 212",Flex 102-356,fixed,"manual quick; natural",not checked,no,stainless,removable,UL,none found,Zavor product page; Pressure Cooking Today
Crock-Pot Express Crock SCCPPC600-V1 (recalled),electric multi-cooker,6,1000,~7,~11.6,not published,2,~232,"Low/High",none,fixed,"manual quick; natural",not checked,no,non-stick,removable,UL,Nov 2020 recall ~914k units,CPSC; AboutLawsuits
Presto Precise Digital Pressure Canner,electric canner,12,1500,not applicable,15 (canning),15,canner,250,none,none,none,natural,canning cycles,yes,aluminum,removable,UL,none,Simply Canning; Ask Extension
Generic stovetop (Fissler/Kuhn Rikon/Presto),stovetop,4-10,burner,8-10 (low on many),15,15,1-2,~235,none,none,none,"manual quick (cold water or valve); natural",unlimited,manual time adjust,stainless or aluminum,locking,UL where sold,various older recalls,hip pressure cooking; Consumer Reports; Washington Post
