source,cooker,bird_prep,liquid,setting,time_min,release,result,notes
Whole-Fed Homestead (2016/2022),Instant Pot,cut into 8 pieces (cut before freezing),2 cups water,High pressure manual,30,natural,"tender enough to eat; slightly rubbery; not mush; best chopped into soups/casseroles","then bones back with feet and aromatics 90-180 min for broth"
Culinary Q (2013),stovetop pressure cooker,2.5 lb whole hen,not stated,high,15,not stated,"tender for stew; 9 oz usable meat","author says crock pot or long braise works equally well"
BackYard Chickens thread (tough bird),pressure cooker,whole,not stated,high,30 then +15,not stated,"tough at 30; stringy at 45; dark meat hard to pull from bone","illustrates the valley between intact and fall-apart endpoints"
BackYard Chickens (old roosters),pressure cooker,whole,not stated,high,40,not stated,"then cut up for gumbo",
Ever Growing Farm (2014),stovetop pressure cooker,whole 2-5 yr hen,8 cups water + aromatics,15 psi stovetop,45,natural,"delicious tender meat","rest bird 4-5 days in fridge before cooking"
Running to the Kitchen,Instant Pot,whole with vegetables,water to just below max line,High,100,10 min natural then quick,"literally falling off the bones","slow cooker alternative: Low 10-12 h same result; apple cider vinegar added"
The Top Meal,Instant Pot or Ninja Foodi,whole thawed,4 quarts water,High,90,10 min natural then quick,"melt in your mouth tender; rich broth","recommends whole not pieces for broth quality"
Stefan's Gourmet Blog,sous vide,stewing hen legs,bagged,62C / 143F,4320 (3 days),n/a,"tender","young chicken legs 12 h at 62C or 4 h at 64C"
Coq au vin sources (Peasant's Daughter; Many Fold Farm; MrCrazyKicks),oven or stovetop braise,rooster pieces in wine,wine + stock,~200F,240+,n/a,"edible, flavorful; not as tender as young bird","slow acidic braise; flavor superior to supermarket bird"
